<?xml version="1.0" encoding="UTF-8"?>
<GenRun Id="synth_1" LaunchPart="xcvu29p-fsga2577-3-e-es1" LaunchTime="1622252802">
  <File Type="PA-TCL" Name="cpu_core.tcl"/>
  <File Type="RDS-PROPCONSTRS" Name="cpu_core_drc_synth.rpt"/>
  <File Type="REPORTS-TCL" Name="cpu_core_reports.tcl"/>
  <File Type="RDS-RDS" Name="cpu_core.vds"/>
  <File Type="RDS-UTIL" Name="cpu_core_utilization_synth.rpt"/>
  <File Type="RDS-UTIL-PB" Name="cpu_core_utilization_synth.pb"/>
  <File Type="RDS-DCP" Name="cpu_core.dcp"/>
  <File Type="VDS-TIMINGSUMMARY" Name="cpu_core_timing_summary_synth.rpt"/>
  <File Type="VDS-TIMING-PB" Name="cpu_core_timing_summary_synth.pb"/>
  <FileSet Name="sources" Type="DesignSrcs" RelSrcDir="$PSRCDIR/sources_1">
    <Filter Type="Srcs"/>
    <File Path="$PSRCDIR/sources_1/imports/CPU_Verilog/define.v">
      <FileInfo>
        <Attr Name="ImportPath" Val="$PPRDIR/../../资料/2021春/32bitcpu/src/CPU_Verilog/define.v"/>
        <Attr Name="ImportTime" Val="1621942570"/>
        <Attr Name="UsedIn" Val="synthesis"/>
        <Attr Name="UsedIn" Val="implementation"/>
        <Attr Name="UsedIn" Val="simulation"/>
      </FileInfo>
    </File>
    <File Path="$PSRCDIR/sources_1/imports/CPU_Verilog/cpu_alu_top.v">
      <FileInfo>
        <Attr Name="ImportPath" Val="$PPRDIR/../../资料/2021春/32bitcpu/src/CPU_Verilog/cpu_alu_top.v"/>
        <Attr Name="ImportTime" Val="1622208950"/>
        <Attr Name="UsedIn" Val="synthesis"/>
        <Attr Name="UsedIn" Val="implementation"/>
        <Attr Name="UsedIn" Val="simulation"/>
      </FileInfo>
    </File>
    <File Path="$PSRCDIR/sources_1/imports/CPU_Verilog/cpu_dataMem.v">
      <FileInfo>
        <Attr Name="ImportPath" Val="$PPRDIR/../../资料/2021春/32bitcpu/src/CPU_Verilog/cpu_dataMem.v"/>
        <Attr Name="ImportTime" Val="1622215175"/>
        <Attr Name="UsedIn" Val="synthesis"/>
        <Attr Name="UsedIn" Val="implementation"/>
        <Attr Name="UsedIn" Val="simulation"/>
      </FileInfo>
    </File>
    <File Path="$PSRCDIR/sources_1/imports/CPU_Verilog/cpu_id.v">
      <FileInfo>
        <Attr Name="ImportPath" Val="$PPRDIR/../../资料/2021春/32bitcpu/src/CPU_Verilog/cpu_id.v"/>
        <Attr Name="ImportTime" Val="1622211854"/>
        <Attr Name="UsedIn" Val="synthesis"/>
        <Attr Name="UsedIn" Val="implementation"/>
        <Attr Name="UsedIn" Val="simulation"/>
      </FileInfo>
    </File>
    <File Path="$PSRCDIR/sources_1/imports/CPU_Verilog/cpu_instrMem.v">
      <FileInfo>
        <Attr Name="ImportPath" Val="$PPRDIR/../../资料/2021春/32bitcpu/src/CPU_Verilog/cpu_instrMem.v"/>
        <Attr Name="ImportTime" Val="1622211875"/>
        <Attr Name="UsedIn" Val="synthesis"/>
        <Attr Name="UsedIn" Val="implementation"/>
        <Attr Name="UsedIn" Val="simulation"/>
      </FileInfo>
    </File>
    <File Path="$PSRCDIR/sources_1/imports/CPU_Verilog/cpu_mux.v">
      <FileInfo>
        <Attr Name="ImportPath" Val="$PPRDIR/../../资料/2021春/32bitcpu/src/CPU_Verilog/cpu_mux.v"/>
        <Attr Name="ImportTime" Val="1622215052"/>
        <Attr Name="UsedIn" Val="synthesis"/>
        <Attr Name="UsedIn" Val="implementation"/>
        <Attr Name="UsedIn" Val="simulation"/>
      </FileInfo>
    </File>
    <File Path="$PSRCDIR/sources_1/imports/CPU_Verilog/cpu_pc.v">
      <FileInfo>
        <Attr Name="ImportPath" Val="$PPRDIR/../../资料/2021春/32bitcpu/src/CPU_Verilog/cpu_pc.v"/>
        <Attr Name="ImportTime" Val="1622216771"/>
        <Attr Name="UsedIn" Val="synthesis"/>
        <Attr Name="UsedIn" Val="implementation"/>
        <Attr Name="UsedIn" Val="simulation"/>
      </FileInfo>
    </File>
    <File Path="$PSRCDIR/sources_1/imports/CPU_Verilog/cpu_regfile.v">
      <FileInfo>
        <Attr Name="ImportPath" Val="$PPRDIR/../../资料/2021春/32bitcpu/src/CPU_Verilog/cpu_regfile.v"/>
        <Attr Name="ImportTime" Val="1622211950"/>
        <Attr Name="UsedIn" Val="synthesis"/>
        <Attr Name="UsedIn" Val="implementation"/>
        <Attr Name="UsedIn" Val="simulation"/>
      </FileInfo>
    </File>
    <File Path="$PSRCDIR/sources_1/imports/CPU_Verilog/cpu_top.v">
      <FileInfo>
        <Attr Name="ImportPath" Val="$PPRDIR/../../资料/2021春/32bitcpu/src/CPU_Verilog/cpu_top.v"/>
        <Attr Name="ImportTime" Val="1622216812"/>
        <Attr Name="UsedIn" Val="synthesis"/>
        <Attr Name="UsedIn" Val="implementation"/>
        <Attr Name="UsedIn" Val="simulation"/>
      </FileInfo>
    </File>
    <File Path="$PIPUSERFILESDIR/Prime.coe">
      <FileInfo>
        <Attr Name="UsedIn" Val="synthesis"/>
        <Attr Name="UsedIn" Val="simulation"/>
      </FileInfo>
    </File>
    <Config>
      <Option Name="DesignMode" Val="RTL"/>
      <Option Name="TopModule" Val="cpu_core"/>
      <Option Name="TopAutoSet" Val="TRUE"/>
    </Config>
  </FileSet>
  <FileSet Name="constrs_in" Type="Constrs" RelSrcDir="$PSRCDIR/constrs_1">
    <Filter Type="Constrs"/>
    <File Path="$PSRCDIR/constrs_1/new/clk.xdc">
      <FileInfo>
        <Attr Name="UsedIn" Val="synthesis"/>
        <Attr Name="UsedIn" Val="implementation"/>
      </FileInfo>
    </File>
    <Config>
      <Option Name="ConstrsType" Val="XDC"/>
    </Config>
  </FileSet>
  <FileSet Name="utils" Type="Utils" RelSrcDir="$PSRCDIR/utils_1">
    <Filter Type="Utils"/>
    <Config>
      <Option Name="TopAutoSet" Val="TRUE"/>
    </Config>
  </FileSet>
  <Strategy Version="1" Minor="2">
    <StratHandle Name="Vivado Synthesis Defaults" Flow="Vivado Synthesis 2020">
      <Desc>Vivado Synthesis Defaults</Desc>
    </StratHandle>
    <Step Id="synth_design"/>
  </Strategy>
  <BlockFileSet Type="BlockSrcs" Name="dist_mem_gen_0"/>
</GenRun>
